text,label
ไม่คุ้ม คุณภาพ.. มั้ง!,neg
เครื่องดื่ม คุณภาพแย่ 😡. มั้ง!! สุดๆ,neg
บริการดี ✨.. เลย,pos
ส่งของธรรมดา พอได้ นะะ..,neu
น่าประทับใจ หน้าเว็บ โคตรดี.. ค่่่่ะ~ ครับ,pos
ไม่ดี.. ครรรรับ… เลย,neg
ถูกใจ ราคาา 🤩.. ครับ จริงๆ,pos
ไม่คุ้ม รสชาติ 😞.?! ค่ะ,neg
ไม่มีความเห็น 😐.. ครับ.. ค่ะ,neu
ไม่โอเค พนักงาน 😤 ครับ!! มาก,neg
แย่มาก ส่งของ มากกกกๆ!! ค่ะ,neg
ถูกใจ บริการหลังการขาย 😍.. นะะะ!!! นะ,pos
ประทับใจ มากๆ มั้ง~ นะ,pos
ไม่ตรงปก อาหาร มากๆ.. นะ! เลย,neg
บริการดี 👍 ครััับ!! เลย,pos
ถูกใจ แพ็กของ 😍..~ ค่ะ,pos
ความเร็ว ปานกลาง.. ค่ะ.. ค่ะ,neu
พนักงานกลางๆ ทั่วไป.. ครับ,neu
บริการหลังการขายคุณภาพแย่.. ค่ะ! มาก,neg
ตามราคา แอป.. ค่ะ มั้ง,neu
สะอาด บริการหลังการขาย. ค่ะ!! ครับ,pos
เครื่องดื่ม ปานกลาง ครับ.,neu
ตามราคา บริการหลังการขาย ครับ. ค่ะ,neu
คุ้มค่ามาก อาหาร 😊.~ นะ,pos
คุ้มค่ามาก ส่งของ ✨.. ครับ! ค่ะ,pos
บริการดี สุดๆๆๆ.. ค่ะ จริงๆ,pos
แพ็กของก็พอใช้ได้ พอได้. ครับ. นะ,neu
ยังไม่แน่ใจ มั้้ง.. ครับ,neu
อร่อยมาก โคตรดี.. ค่ะ!!! เลย,pos
เครื่องดื่ม ยังไม่แน่ใจ.. มั้งงง นะ,neu
เกินคาด ✨.! ค่ะ,pos
งงมาก?! สุดๆ,neg
บริการหลังการขายต้องลองอีกสักพัก.. ค่ะ มั้ง,neu
ก็พอใช้ไไได้.. มั้ง,neu
ใช้งานง่าย แอป ที่สุดดด..!! นะ,pos
พนักงานธรรมดา ทั่วไป. มั้ง..,neu
ราคา ตามราคา นะ นะ,neu
ยอดเยี่ยม เครื่องดื่ม โคตรดี.. ครับบบ ค่ะ,pos
เกินคาด.. ค่ะ นะ,pos
บรรยากาศ ใช้ได้ ค่่่ะ.. มั้ง,neu
แพงเกินนนไป นะ…,neg
บริการดี 😊 มัััั้ง~ ครับ,pos
รสชาติงงมากก ครับ?! เลย,neg
แอป รวดเร็ว 😍..!! เลย,pos
ไม่คุ้ม แพ็กของ. นะ?! ค่ะ,neg
บริการดี ✨..~ ค่ะ,pos
น่าประทับใจ บรรยากาศ มากๆ..~ ค่ะ,pos
ใช้งานง่ายยยย ✨.. นนะ,pos
ยอดเยี่ยม พนักงาน ประทับใจมมาก ครับ,pos
เกินคาด มากกกๆ. ค่่่ะ!!! เลย,pos
พนักงาน เป็นมาตรฐานนนน. ค่ะ. ครับ,neu
ไม่คุ้ม แอป 😤. นะ!!! เลย,neg
ความเร็วชอบมาก มากๆ.. ครับ!!,pos
รวดเร็ว โคตรดีีี. มั้ง,pos
ไม่คุ้ม รสชาติ แย่มากๆ. มั้ง! สุดๆ,neg
พนักงานชอบมาก มากๆๆๆๆ ครับ~ นะ,pos
ไม่คุ้ม ราคา 😞 มั้ง?! สุดๆ,neg
ไม่โอเค บรรยากาศศศศ ค่่ะ!!,neg
ไม่ดี สุุุุดๆ ค่ะ… สุดๆ,neg
น่าประทับใจ หน้าเว็บ โคตรดี. ครับ~ จริงๆ,pos
บริการดีี 💯.! ครับ,pos
คุณภาพใช้งานง่าย ที่สุด. ค่ะ!!! จริงๆ,pos
ดีมาก 😊 มั้ง!!! นะ,pos
ถูกใจ อาหาร 🥰. นะ!!,pos
ส่งของ ยอดเยี่ยม 👍!! นะ,pos
ผิดหวัง แอป มากๆๆๆ ค่ะ!! เลย,neg
บริการดี 🥰. นะ~,pos
ปานกลาง 😐.. มั้ง,neu
เฉยๆ แอป กลาาาางๆ..,neu
ธรรมดา.. มัััั้ง.,neu
เป็นมาตรฐาน ส่งของ พอได้. มั้ง. ครับ,neu
ถูกใจ เครื่องดื่ม 💯.. ครับ~ จริงๆ,pos
ไม่โอเค หน้าเว็บ 🤦. นะ?! ค่ะ,neg
พนักงาน ดีมาก 🤩. มั้ง!!! เลย,pos
ถูกใจ คุณภาพ 👍.!!! จริงๆ,pos
คุณภาพตามราคา กลางๆ. มัััั้ง. ครับ,neu
ถูกใจ อาหาร 🤩 นะ! เลย,pos
อร่อยมาาาาก นะ!!! จริงๆ,pos
ไม่คุ้ม แอป 😞!!!,neg
ไม่ตรงปก 🤦.. ครับ! ครับ,neg
พนักงานไม่ดี โคตรแย่.. นะ?!,neg
บริการดี 🥰🥰🥰 ค่ะ! นะ,pos
ห่วย 🤦. คคค่ะ?! เลย,neg
ถูกใจ หน้าเว็บ 😍. ครับ!!,pos
พนักงานเรื่อยๆ ก็โอเคค.. ค่ะ. มั้ง,neu
ช้ามาก ราคา มากกๆ. มั้ง… ค่ะ,neg
แย่มาก ราคา มาาาากๆ. คคค่ะ!! สุดๆ,neg
สะอาด 😊.. มั้ง นะ,pos
ไม่คุ้ม บริการหลังการขาย 🤦.. มั้ง! มาก,neg
ไม่มีความเห็นน 😐 นะ..,neu
ปานกลาง.,neu
เป็นมาตรฐาน หน้าเว็บ กลางๆ.. ค่ะ..,neu
เครื่องดื่มตรงปก สุดๆ ครับ!!!,pos
บริการดี 💯 มั้ง~ นะ,pos
รสชาติไม่คุ้ม.. มั้งงงง! ค่ะ,neg
แอปกลางๆ พอได้... ครับ,neu
ไม่มีความเห็น 🙂. ครับ ค่ะ,neu
ไม่โอเค หน้าเว็บ ครับ!!! มาก,neg
บริการดี คุณภาพ โคตรดี.. ครับ~ เลย,pos
บริการดี พนักงาน เกินคาดจริงๆ ค่ะ จริงๆ,pos
รสชาติ ธรรมดา. มั้ง. นะ,neu
บริการดี 🥰. ค่ะ~ ครับ,pos
กลางๆ บริการหลังการขาย กลางๆ. ค่ะ. นะ,neu
บริการดีีี.. มั้ง ค่ะ,pos
ราคา แพงเกินไป 👎.. ค่ะ… สุดๆ,neg
แพ็กของกลางๆ ก็โอเค.. มั้ง,neu
ไม่โอเค เครื่องดื่มมมม 😞.. ค่ะะะะ… ค่ะ,neg
ไม่โอเค แอปป.. ครับ!! มาก,neg
แพ็กของ ไม่แนะนำำำำ 👎… ค่ะ,neg
แอป คุณภาพแย่ 🤦. นะ!!,neg
ความเร็ว ใช้งานง่าย 🥰. ค่ะ,pos
ไม่โอเค ส่งของ 🤦 ครับ! เลย,neg
ชอบมาก ราคา มากๆ. ครับ ค่ะ,pos
ไม่คุ้ม แอป… มาก,neg
ใช้ได้ ส่งของ มั้ง..,neu
รสชาติ ใช้งานไม่ได้ 😡 นะ!! มาก,neg
ชอบมาก 🤩.. มั้ง! นะ,pos
บริการดี 🤩. มั้ง!!! เลย,pos
เฉยๆ 😐.. นะ มั้ง,neu
คุณภาพดี ✨.. ค่ะ!!! เลย,pos
หน้าเว็บต้องลองอีกสักพัััก..,neu
ไม่ตรงปก เครื่องดื่ม แย่มากๆ. นะ!!! ครับ,neg
ไม่โอเค แอป 🤦 ครับ… ครับ,neg
แย่มาก 😤 นนะ!! มาก,neg
บรรยากาศเฉยๆๆๆๆ. นะ,neu
ใช้งานไม่ได้ มากๆ. มั้งงง! ครับ,neg
บริการดีีี 👍 ค่ะ~ จริงๆ,pos
ใช้งานง่าย ราคา โคตรดี. ค่ะ~ นะ,pos
ใช้ได้. ค่ะ,neu
ต้องลองอีกสักพัก.. นะ ครับ,neu
บริการดี 😍 มั้ง!! เลย,pos
หน้าเว็บแพงเกินไป ที่สุด.!!! มาก,neg
คุ้มค่ามาก คุณภาพ 😍 ค่ะ!!! จริงๆ,pos
ดีมาก ราคา สุดๆ.,pos
ไม่คุ้ม แพ็กของ 💢. มั้งงง!! ค่ะ,neg
ส่งของธรรมดา กลางงงๆ. ค่ะ,neu
ยังไม่แน่่่ใจ. ค่ะ. ค่ะ,neu
หน้าเว็บ ปานกลาง.... นะ,neu
อาหารเฉยๆ ทั่วไปป มั้ง,neu
เครื่องดื่มไม่ตรงปก ผิดหวังมมาก. ค่ะ… สุดๆ,neg
ไม่โอเค บรรยากาศ 😤 ค่ะ!!,neg
ยังไม่แน่ใจ 🙂. ครับ ครับ,neu
คุณภาพดี 👍 ครับ!! ค่ะ,pos
ใช้ได้ พนักงาน พอได้.. ค่ะ นะ,neu
ไม่มีความเห็น ความเร็ว. นะ.. มั้ง,neu
บรรยากาศต้องลองอีกสักพัก พอได้ ค่ะ. ครับ,neu
ราคาไม่มีความเห็น ทั่วไป. มั้ง.. มั้ง,neu
แพ็กของโอเค กลางๆๆๆ.... นะ,neu
แพ็กของธรรมดา พอได้. ครับ. ค่ะ,neu
เรื่อยๆ อาหาร ก็โอออเค..,neu
ไม่โอเค บริการหลังการขาย 👎👎👎.! มาก,neg
คุณภาพ สะอาด 😊.! ค่ะ,pos
ราคายังไม่แน่ใจ กลางๆ นะ. นะ,neu
หน้าเว็บ ดีมาก 😊 มั้ง,pos
พนักงานไม่อร่อย แย่มากกๆ. นะ?! มาก,neg
ไม่มีความเห็น บริการหลังการขาย ทั่วไป.. ค่ะ นะ,neu
น่าประทับใจ 🥰 ครับ~ นะ,pos
คุ้มค่ามาก รสชาติ 😍. นะะะะ!!,pos
ห่ววย นะ! ค่ะ,neg
ถูกใจ บรรยากาศศ 😍 ครับ! ค่ะ,pos
ไม่โอเค พนักงาน 🤦🤦 ค่ะ?! มาก,neg
แพ็กของแพงเกินไป โคตรแย่.. มั้ง!! สุดๆ,neg
งงมาก หน้าเว็บ มากๆ.. นะ!!!,neg
เกินคาด 🤩. นะ ค่ะ,pos
ใช้งานง่าย ราคา เกินคาดจริิิิงๆ ค่ะ!!,pos
ไม่ตรงปก รสชาติ โคตรแแย่… เลย,neg
บริการหลังการขาย คุณภาพดี 🥰. ครับบบ~ เลย,pos
ส่งของงงมาก มากๆ?! มาก,neg
ไม่คุ้ม ส่งของ 💢. มัั้ง!!! ครับ,neg
คุ้มค่า บรรยากาศ สุดๆ.. ค่ะ!!,pos
เรื่อยๆ หน้าเว็บ ทั่วไป.. นะ..,neu
ไม่คุ้ม พนักงาน 😡.. ค่ะ?! ค่ะ,neg
ถูกใจ แพ็กของ 💯 นะ~ เลย,pos
ใช้งานง่าาย นะ เลย,pos
ความเร็วประทับใจจจจ~,pos
บรรยากาศธรรมดา กลางๆๆๆๆ.. ครับ,neu
คุ้มค่ามาก ส่งของ 👍👍👍..~ นะ,pos
ไม่แนะนำ แพ็กของ.. ค่ะะ! ค่ะ,neg
บริการดี.. ค่ะ ค่ะ,pos
รสชาติ ต้องลองอีกสักพัก. ครับ,neu
ตามราคา 🙂.. นะ. ครับ,neu
ไม่คุ้ม เครื่องดื่ม 🤦 ค่ะ…,neg
ถูกใจ บรรยากาศ 😊. นนนนะ!! จริงๆ,pos
แพงเกินไป อาหาร ที่สุด.. นะ! มาก,neg
บริการดี 😊.~ นะ,pos
ไม่ตรงปก แย่มากๆ. ค่ะ! สุดๆ,neg
กลางๆ.. ครับ ค่ะ,neu
ไม่คุ้ม รสชาติ..!!!,neg
โออเค. นะ ค่ะ,neu
เรื่อยๆ เครื่องดื่ม กลางๆ.. นะ นะ,neu
แอปไม่อร่อย มากๆ..?! มาก,neg
ธรรมดา.. ครับ. มั้ง,neu
ประทับใจ ราคา มากๆ.. มั้ง~ ครับ,pos
ไม่โอเค บริการหลังการขาย 😡😡😡.!! มาก,neg
กลางๆ 😐😐. ครัับ.. นะ,neu
เกินคาด ประทับใจมาก ครับ!!! นะ,pos
คุ้มค่ามาก รสชาติ 😊..!! ครับ,pos
ราคา คุณภาพแย่ 😞.. ครับ!!! สุดๆ,neg
ไม่คุ้ม ราคาา 😤. มั้ง?! สุดๆ,neg
คุ้มค่ามาก รสชาติ ครัับ ค่ะ,pos
แพงเกินไป แย่มากๆ. ครับ?! ค่ะ,neg
ไม่โอเค เครื่องดื่ม.. ค่ะ?! ครับ,neg
ใช้ได้ 😐. ครับ.. ครับ,neu
ไม่โอเค บรรยากาศ 💢! สุดๆ,neg
ไม่โอเค ส่งของ 🤦 มัััั้ง?! สุดๆ,neg
แอปสะอาด สุดๆ.. นะ ค่ะ,pos
ก็พอใช้ได้ ค่ะ. นะ,neu
ยังไม่แน่ใจ ความเร็ว ก็โอเคคค. มั้ง,neu
โอเค 🙂.. นะ,neu
ไม่คุ้ม ความเร็ว 🤦 ครับ! ค่ะ,neg
บริการแย่ พนักงาน โคตรแย่..… สุดๆ,neg
อาหาร ยังไม่แน่ใจ ครััับ..,neu
แพ็กของ ปานกลาง.. ครับ,neu
แย่ลลง. นะ!! เลย,neg
ไม่โอเค แพ็กของ 😡 ค่ะะะะ!!! ครับ,neg
ดีมากกกก ✨. ค่ะ~ จริงๆ,pos
ไม่มีความเห็น มั้ง.. ครับ,neu
พนักงาน บริการดี. มั้ง~ ค่ะ,pos
ก็พอใช้ได้ 😐 นนนะ.. มั้ง,neu
อาหาร ปานกลาง. มั้ง นะ,neu
แย่ลง.. ครับ… มาก,neg
คุณภาพ ไม่อร่อย 🤦 ครรรรับ! สุดๆ,neg
คุณภาพไม่อร่อย. มั้ง!,neg
ไม่โอเค แอป 😞..!!!,neg
บริการดี 🤩 ครับ!!! ค่ะ,pos
ปานกลาาาาง.. ครับ. นะ,neu
ตามราคา.. มั้ง. มั้ง,neu
บริการดีีี 😊 ค่ะ!!,pos
คุ้มค่ามาก รสชาติ 🥰. ครับ!!! นะ,pos
โอเค 🙂 มั้ง มั้ง,neu
บริการดี 😊. นะ!!!,pos
บริการดี 😍 มั้ง~ ครับ,pos
ไม่แนะนำ มากๆ..?! สุดๆ,neg
เฉยๆ. มั้ง.. ค่ะ,neu
คุณภาพแพงเกินไป.. มั้ง!!! เลย,neg
ยอดเยี่ยม บริการหลังการขาย โคตรดี.. ครับ,pos
แย่มาก ที่สุุด.. ครับบบบ?! เลย,neg
ใช้ได้ ครรับ..,neu
ห่วย เครื่องดื่ม แย่มากๆ. นะ?! สุดๆ,neg
บริการแย่ 🤦.. มั้ง?! ครับ,neg
คุ้มค่ามาก บรรยากาศ 👍. ค่ะ!! นะ,pos
ยังไม่แน่ใจจ.. ครับ.. ครับ,neu
บริการดี 🥰.. นะ,pos
ไม่แนะนำ มากๆ นะ?! เลย,neg
คุ้มค่ามาก พนักงานนนน 💯!!! เลย,pos
ราคา ไม่มีความเห็็็็น..,neu
บริการหลังการขายตามราคคคา.. นะ.. ค่ะ,neu
บรรยากาศ ไม่อร่อย.. นะ! ค่ะ,neg
รสชาติคุณภาพดี เกินคาดจริงๆ ครััับ~ ค่ะ,pos
ราคารวดเร็ว โคตรดี ค่ะ!!! ค่ะ,pos
แพ็กของตามราคา ทั่วไป. ค่ะ,neu
คุ้มค่ามาก แพ็กของ 💯.. ค่ะ!!! ครับ,pos
บริการดี 🤩!!! เลย,pos
คุ้มค่ามาก ความเร็ว 👍👍.!!! ค่ะ,pos
ไม่โอเค หน้าเว็บ 👎.. ครับบบ!!,neg
คุณภาพคุณภาพแย่ สุดๆ.. ครััับ!!! เลย,neg
แอป บริการดี 😊~,pos
แอป ใช้ไได้้ ครับ,neu
ตรงปก คุณภาพ โคตรดี.. จริงๆ,pos
ไม่ตรงปก 🤦!,neg
เฉยๆ ราคา ก็โอเค. ครัััับ มั้ง,neu
ดีมาก 🥰. มั้ง~ จริงๆ,pos
แพ็กของผิดหวัง ผิดหวังมาก ค่ะ!! เลย,neg
กลางๆ แพ็กของ ทั่ววไป...,neu
บรรยากาศโอเค นะ. ค่ะ,neu
ธรรมดา บริการหลังการขาย พอได้. ครับ.,neu
ต้องลองอีกสักพัก. ครับ. ครับ,neu
อาหาร ธรรมดา. มั้ง. นะ,neu
แย่ลง สุดๆ ครับบบบ!!! สุดๆ,neg
กลางๆ 🙂🙂🙂🙂 นะ.. นะ,neu
ตามราคคา. มั้ง. นะ,neu
โอเค.. ค่ะะะะ. ค่ะ,neu
หน้าเว็บก็พอใช้ได้ กลางๆ. มั้ง มั้ง,neu
บริการหลังการขายแย่ลง ที่สุด มั้ง?! ค่ะ,neg
หน้าเว็บใช้งานง่าย เกินคาดจริงงๆ. นะ!! จริงๆ,pos
คุ้มค่ามาก ความเร็ว ✨.. จริงๆ,pos
คุณภาพดี 💯~ จริงๆ,pos
บริการดี 🤩. ครับ~ ค่ะ,pos
ตามราคา 😐 นะ. ค่ะ,neu
อร่อยมาก ประทับใจมาก. ครับ!! จริงๆ,pos
บริการแย่ บริการหลังการขาย มากๆ..?! เลย,neg
ไม่โอเค เครื่องดื่ม 👎.. ค่ะ!!! เลย,neg
ยอดเยี่ยม 🤩.. มั้ง!!! ครับ,pos
ไม่คุ้ม แอป 👎.. ครับ!! ครับ,neg
คุณภาพ เรื่อยๆ.. ครับ,neu
แย่ลง แย่มากๆๆๆ นะ!! สุดๆ,neg
ก็พอใช้ได้. ค่่่ะ นะ,neu
พนักงานไม่ดี ผิดหวังมาก. นนนะ?! ค่ะ,neg
ใช้ได้ แพ็กของ กลางๆ. ค่่ะ ครับ,neu
ไม่ตรงปก 🤦🤦🤦🤦. มััั้ง!!! เลย,neg
เป็นมาตรฐาน... ค่ะ,neu
ไม่ดี ราคา โคตรแย่. ครับ?! เลย,neg
เฉยๆ.. ครับบบบ นะ,neu
ไม่โอเค พนักงาน 🤦 มั้ง! เลย,neg
แนะนำเลย 👍.!! ครับ,pos
ยังไม่แน่ใจ บริการหลังการขาย พอได้. ครับ. ครับ,neu
เครื่องดื่มปานกลลาง คค่ะ นะ,neu
ไม่คุ้ม แพ็กของ แย่มากๆ.?! เลย,neg
ไม่คุ้ม รสชาติ 🤦.. ครรับ?!,neg
ไม่โอเค อาหาร 🤦 มััั้ง… สุดๆ,neg
บริการหลังการขาย แพงเกินไป 😤.. ค่ะ?!,neg
ผิดหวัง 🤦. ครัััับ!!! ค่ะ,neg
ประทับใจ ประทับใจมาก.. ครับ จริงๆ,pos
งงมาก อาหาร โคตรแย่. นนนะ!! เลย,neg
ปานกลาง 🙂... ค่ะ,neu
งงมาก!! ครับ,neg
ไม่อร่อย 😤..… ค่ะ,neg
พนักงาน คุณภาพดี 😍.. นะ! ค่ะ,pos
อร่อยมากกก 🥰 จริงๆ,pos
แอป ไม่ตรงปก 😤..!! ครับ,neg
สะอาด โคตรดี. ครับบบ~ ค่ะ,pos
ตรงปก 😍.. นนะ~,pos
เรื่อยๆ เครื่องดื่ม. นนนะ.,neu
ไม่คุ้ม หน้าเว็บ ที่สุด ค่ะ!!! สุดๆ,neg
ดีมาก 💯💯. มั้ง! จริงๆ,pos
ความเร็วกลางๆ.. ครับ..,neu
เรื่อยๆ ค่ะ. ค่ะ,neu
พนักงานงงมาก ผิดหวังมากกกก.!! ค่ะ,neg
ตามราคา พนักงาน กลางๆ.. ค่ะ ค่ะ,neu
ไม่คุ้ม ความเร็ว 🤦 ครับ!! สุดๆ,neg
เรื่ออยๆ ค่่ะ.. มั้ง,neu
ไม่ดี ที่สุด.. มั้งงง!,neg
ธรรมดา บริการหลังการขาย กลาางๆ.. นะ.. นะ,neu
ก็พอใช้ไได้.. มั้ง,neu
พนักงานไม่แนะนำ ผิดหวังมาก. ค่ะ! ค่ะ,neg
อาหารยังไม่แน่ใจ พอได้. ค่ะ. นะ,neu
ปานกลาง หน้าเว็บ กลางๆ. ครรับ. มั้ง,neu
คุ้มค่ามาก แอป.. ครับ!!! จริงๆ,pos
หน้าเว็บ แย่ลง 💢 ค่ะ… มาก,neg
เครื่องดื่มใช้งานง่าย ประทับใจมมาก. นะ~ นะ,pos
บรรยากาศกลางๆ ทั่วไป.. ค่ะ ครับ,neu
คุณภาพดีี. นะ,pos
คุณภาพดี เกินคาดจริงๆ ค่ะ!! จริงๆ,pos
ราคาอร่อยมาก..!!! เลย,pos
ใช้งานไม่ได้ 😞.?! สุดๆ,neg
ธรรมดา 😐.. มั้ง. มั้ง,neu
ปานกลาง แอป. ครับ.,neu
แนะนำเลย. ค่ะ~ เลย,pos
แพงเกินไป ที่สุุด. ครับบ! มาก,neg
ชอบมาก รสชาติ ประทับใจมาก.. ค่ะ,pos
บริการหลังการขายไม่แนะนำ สุดๆ.. มั้ง!! ครับ,neg
คุ้มค่ามาก อาหาร ✨. นะะ! ค่ะ,pos
ไม่แนะนำ ส่งของ ที่สุด. ค่ะ… มาก,neg
บริการหลังการขายกลางๆ.. ค่ะ. ค่ะ,neu
เฉยๆ 🙂.. นนนะ มั้ง,neu
แอปตามราคา. ค่ะ.,neu
หน้าเว็บ ปานกลาง.. มั้ง.,neu
กลางๆ 🙂. ครับบบบ มั้ง,neu
บริการแย่ แย่มากๆ มัััั้ง!!! สุดๆ,neg
ความเร็ว แนะนำเลย ✨ ครรรรับ~ ครับ,pos
ตรงปก เกินคาดจริงๆ. นะ!!! ค่ะ,pos
แนะนำเลย.. ครับ,pos
ยอดเยี่ยม รสชาติ มากๆ.. นะ!! ค่ะ,pos
คุ้มค่ามาก ราคา 🥰 ครับ!!!,pos
ธรรมดา อาหาร ทั่วไป.... ครับ,neu
ถูกใจ บริการหลังการขาย 💯.. มั้ง! จริงๆ,pos
สะอาด บรรยากาศ.. มั้ง!! เลย,pos
ถูกใจ แอป. ครับ!!,pos
โอเเเเค.. มัััั้ง.. นะ,neu
เครื่องดื่มสะอาด โคตรดี. ค่ะ ครับ,pos
พนักงาน ก็พอใช้ได้ ค่ะ. ค่ะ,neu
อร่อยมาก 👍👍 มั้ง ค่ะ,pos
บริการดี ✨.. นะ~ ครับ,pos
ราคาแพงเกินไป โคตรแแย่. นะะะะ… มาก,neg
ไม่คุ้ม รสชาติ 😞!!! สุดๆ,neg
แย่ลง 👎 ค่ะ! สุดๆ,neg
คุ้มค่า พนักงาน ประทับใจมาก ค่ะ ค่ะ,pos
บริการแย่ แย่มากกกกๆ. ค่ะะะ!,neg
บริการหลังการขาย ตามราคา. ค่ะ.. ครับ,neu
เรื่อยๆ 🙂.. ค่ะ. ค่ะ,neu
เป็นมาตรฐฐฐฐาน.. คคค่ะ. นะ,neu
ไม่โอเค อาหาร 😤.!! มาก,neg
แอปแย่มาก มากๆ!! ครับ,neg
แอปต้องลองอีกสักพัก ทั่วไป. นะ. นะ,neu
โอเค.. ครับ,neu
ใช้ได้ แพ็กของง.,neu
ผิดหวัง เครื่องดื่ม ที่สุด ค่ะ?! เลย,neg
เครื่องดื่ม คุ้มคค่า. ครับ ครับ,pos
ไม่โอเค บรรยากาศ 🤦 นะ!!! เลย,neg
สะอาด โคตรดี ครรับ~ นะ,pos
คุณภาพแย่ แอป สุดๆ.. ครับ!! เลย,neg
ไม่คุ้ม 🤦 นะ!!! ครับ,neg
รสชาติโอเค ก็โอเค.. มั้งงง..,neu
ไม่ดี ส่งของ ผิดหวังมาก.. นะ?! เลย,neg
ปานกลาง 😐. ครรับ.,neu
ไม่โอเค ราคา 😤… สุดๆ,neg
สะอาด หน้าเว็บ. มั้ง!!! ค่ะ,pos
เรื่อยๆ. นะ,neu
ใช้งานง่าย 👍!! เลย,pos
ไม่โอเค บรรยากาศ 💢 มั้ง?! ครับ,neg
รสชาติเป็นมาตรฐาน ทั่วไป.. คคค่ะ.. ครับ,neu
พนักงาน บริการดีี 🥰.. มั้ง! จริงๆ,pos
ไม่โอเค เครื่องดื่ม 😤.. มั้้้้ง…,neg
ตรงปกก.. ค่ะ! จริงๆ,pos
ปานกลาง พนักงาน ก็โอเค.. ครับ นะ,neu
ความเร็ว แพงเกินไป 💢 นะ…,neg
แพ็กของรวดเร็ว ที่สุด ค่ะ! นะ,pos
ยังไม่แน่ใจ 😐😐😐😐. ค่ะ.. ครับ,neu
แอป ก็พอใช้ได้ นะ. ค่ะ,neu
ต้องลองอีกสักพัก ครับ. มั้ง,neu
โอเค 😐😐😐😐.. มั้ง,neu
แย่มาก คุณภาพ มั้ง… มาก,neg
ถูกใจ พนักงาน 💯. นะ ค่ะ,pos
ผิดหวังงง..!!! มาก,neg
หน้าเว็บต้องลองอีกสักพัก.. มั้ง,neu
แนะนำเลย พนักงาน คคคค่ะ!! ครับ,pos
บริการหลังการขายใช้งานง่าย ที่สสุด.. มั้ง~ ครับ,pos
รวดเร็ว รสชาติ เกินคาดจริงๆ. ค่ะ เลย,pos
เรื่อยๆ.. นะ. ครับ,neu
ใช้ได้ ครับ..,neu
แอป ต้องลองอีกสักพพัก มัััั้ง.,neu
แพ็กของ เป็นมาตรฐาน. มั้ง,neu
บริการหลังการขาย ธรรมดดดา.. มั้ง.. ค่ะ,neu
คุ้มค่ามาก เครื่องดื่ม 👍 ค่ะ!,pos
พนักงานกลางๆ ทั่วไไป.. มั้ง. นะ,neu
เป็นมาตรฐาน. มั้ง ค่ะ,neu
ถูกใจ หน้าเว็็็บ นะ!!! ครับ,pos
บรรยากาศกลางๆ พอได้.. มั้ง.. ค่ะ,neu
ใช้ได้ 😐 ค่ะ.. มั้ง,neu
คุณภาพ ต้องลองอีกสักพัััก.. ค่ะ นะ,neu
คุ้มค่ามาก หน้าเว็บ 🤩 นะ~ ครับ,pos
บรรยากาศยอดเยี่ยม เกินคาดจริงงงๆ.. นะ!! เลย,pos
รสชาติงงมาก สุดดดๆ. มั้ง?!,neg
โอเค.. มั้ง. ครับ,neu
บรรยากาศ ยังไม่แน่ใใใใจ.. ครับ.. นะ,neu
บริการหลังการขายใช้งานง่าย ที่สุด.!!!,pos
ต้องลองอีกสักพัก มั้ง,neu
แย่ลง พนักงาน.! เลย,neg
ก็พอใช้ได้.. ค่ะ,neu
คุณภาพดี 👍👍👍~ นะ,pos
ส่งของ เฉยๆ ครรรรับ. ครับ,neu
คุณภาพดี สุดๆ. นนนนะ!!! ค่ะ,pos
ถูกใจ บรรยากาศ 😊 มั้ง นะ,pos
อร่อยมาก 😍 ครับ! จริงๆ,pos
ไม่มีความเห็น แพ็กของ พอได้ ครับ.,neu
บริการดี แพ็กของ. ครับบ! จริงๆ,pos
น่าประทับใจ ส่งของ โคตรดี.. ครับ~,pos
น่าประทับใจ ที่สุด.. มั้ง! นะ,pos
ไม่โอเค ราคา 🤦 มั้ง?! เลย,neg
ใช้งานง่าย 💯💯💯💯 นะ!! ค่ะ,pos
ธรรมดา.. นะ ครับ,neu
ไม่คุ้ม คุณภาพ 👎. คคค่ะ! เลย,neg
แพงเกินไป 😞. ค่ะะ!,neg
รสชาติ กลาางๆ.. ครับ. ค่ะ,neu
รสชาติไม่แนะนำ.. มั้ง!!! ครับ,neg
แพ็กของ เฉยๆ. มั้ง ค่ะ,neu
ไม่โอเค หน้าเว็บ 💢. มั้ง… มาก,neg
ส่งของปานกลาง ทั่วไไไป. นนนะ.. มั้ง,neu
บรรยากาศ ยังไม่แน่ใจ. ค่ะ นะ,neu
บริการดี 🤩..!!! เลย,pos
เป็นมาตรฐานน.. ครับ ครับ,neu
ราคาตามราคา. ค่ะ ครับ,neu
ไม่มีความเห็น 🙂,neu
งงมาก หน้าเว็บ ที่สุดดดด. นนนนะ!!!,neg
ไม่คุ้ม พนักงาน 😡.. คค่ะ… ครับ,neg
บริการดี 🤩..!! ค่ะ,pos
ถูกใจ แอป 🤩.. มั้ง นะ,pos
อาหารไม่แนะนำ มากๆๆๆ… ครับ,neg
ไม่โอเค แพ็กของ 🤦 ครรรับ… ค่ะ,neg
บริการดี 🤩 เลย,pos
ใช้ได้ หน้าเว็บ ทั่ววไป. ครับ. ค่ะ,neu
ถูกใจ คุณภาพ ✨. ครรรรับ จริงๆ,pos
ถูกใจ บริการหลังการขาย 👍👍.. มั้ง!!!,pos
แพ็กของดีมาก.. ค่ะ!!! ครับ,pos
รสชาติ แย่ลง 💢. มั้ง… ครับ,neg
ความเร็วยังไม่แน่ใจ พอได้ ครับ. ครับ,neu
รสชาติตามราคา ก็โอเค.. นะ มั้ง,neu
อร่อยมาก 😊 ครับ!!!,pos
ไม่แนะนำ สุดๆๆ.! ค่ะ,neg
ไม่แนะนำ พนักงาน แย่มากๆ..!! เลย,neg
หน้าเว็บ เรื่อยๆๆๆ นะ ค่ะ,neu
ไม่โอเค ความเร็ว.. ครับ?!,neg
บริการแย่ บริการหลังการขาย ผิดหวังมาาาาก.!!!,neg
บริการหลังการขาย รวดเร็ว 🥰 มั้ง นะ,pos
ยังไม่แน่ใจจจจ 🙂.. ครััับ มั้ง,neu
โอเค ความเร็ว กลางๆๆ นะ นะ,neu
บรรยากาศ ยอดเยี่ยม 💯. มั้ง!!,pos
บริการหลังการขาย อร่อยมาก 👍. มั้ง นะ,pos
เป็นมาตรฐาน บรรยากาศ ทั่วไป.. ครับบบบ.. ครับ,neu
ตรงปก ค่ะ! นะ,pos
บรรยากาศไม่แนะนำ โคตรแแแย่. ค่ะะะ! มาก,neg
รสชาติ ตามราคา. มั้ง มั้ง,neu
ก็พอใช้ได้ หน้าเว็บ ทั่วไป.. ครับ..,neu
อาหาร ไม่มีความเห็น. นะ.. มั้ง,neu
บริการดี แอป มากๆ. นะ!!,pos
คุ้มค่า ราคา ประทับใจมาก.! ค่ะ,pos
แพ็กของ กลางๆ.. นะ,neu
ไม่แนะนำ ความเร็ว สุดๆ ค่่่่ะ!!!,neg
บริการหลังการขาย ธรรมดดดา นะ. ครับ,neu
บริการดี 😊. นะ~ ครับ,pos
ไม่คุ้ม เครื่องดื่มม.. นะ?! มาก,neg
ดีมากกกก 🤩.. นะ!!,pos
ถูกใจ พนักงานน. ค่ะ~ จริงๆ,pos
เป็นมาตรฐาน รสชาติ ก็โอเคค..,neu
ถูกใจ บรรยากาศ 🥰. ครับบบบ! จริงๆ,pos
เป็นมาตรฐาน 😐😐😐. ค่ะ ครับ,neu
ราคา ไม่ตรงปก.. นะ!!! ค่ะ,neg
ก็พอใช้ได้้้้ 😐.. ครับ.. มั้ง,neu
อาหารแย่ลง. ครัับ!! เลย,neg
ไม่คุ้ม ราคา สุดๆ. ค่ะ?! มาก,neg
บรรยากาศ เฉยยยๆ มั้ง..,neu
ต้องลองอีกสักพัก 🙂.. นะ.. มั้ง,neu
หน้าเว็บ เป็นมาตรฐาน นนนนะ. ครับ,neu
แพงเกินไป 👎.… มาก,neg
ไม่ตรงปก ค่ะ! ค่ะ,neg
รวดเร็ว 🥰. ครับ!! จริงๆ,pos
ยอดเยี่ยม หน้าเว็บ ที่สุด ครับ! นะ,pos
ส่งของเฉยๆ กลางๆ... นะ,neu
ใช้ได้ บริการหลังการขาย ทั่วไป.. ค่ะะะ,neu
ถูกใจ เครื่องดื่ม 🥰. ค่ะ! จริงๆ,pos
เกินคาด ✨.. มั้้้ง! นะ,pos
เรื่อยๆ 😐 ค่ะ.,neu
ก็พอใช้ได้ 🙂... นะ,neu
ช้ามาก ความเร็ว ที่สุดดดด.. มั้ง!!! เลย,neg
แอป ไม่คุ้ม 😤 นะ! ค่ะ,neg
ห่วย โคตรแย่. มั้้้ง… ครับ,neg
ดีมาก อาหาร ที่สุดด. มั้ง~ นะ,pos
ปานกลาง พนักงาน กลางๆ ครัััับ. ครับ,neu
ปานกลาง ราคา ทั่ววไป.. นนะ..,neu
บริการดดดี.!! เลย,pos
แพ็กของ ใช้งานง่่าย นะ!! นะ,pos
บริการแย่ เครื่องดื่ม สุดๆ.. มััั้ง! เลย,neg
ถูกใจ แอป 🥰. นะ!!! ค่ะ,pos
แนะนำเลย 🥰. มั้งงง!! ค่ะ,pos
ถูกใจ ราคา. นะ! ค่ะ,pos
ส่งของ งงมาก 😤. นะะ… มาก,neg
คุ้มค่ามาก แพ็กของ 👍. นะ เลย,pos
บริการดี 😍.. มั้ง เลย,pos
แอปคุณภาพแย่ แย่มากๆ ครับ?! สุดๆ,neg
บริการดี 💯. นะ ครับ,pos
ช้ามาก ที่สุุุด.. ค่ะ!! ค่ะ,neg
รสชาติ น่าประทับใจ 🤩 นะ ครับ,pos
เรื่อยๆ. ค่ะ มั้ง,neu
ช้ามาก รสชาติ โคตรแย่. ครับ!!! มาก,neg
ตรงปก เกินคาดจริงๆๆๆๆ..!!! นะ,pos
ผิดหวัง รสชาติ ที่สุด.. ครับ!! เลย,neg
ต้องลองอีกสักพัก 😐😐..,neu
บรรยากาศ ห่วยยย 😡..?! ครับ,neg
ถูกใจ ราคา ✨.. มััั้ง!!! ค่ะ,pos
เป็นมาตรฐาน.. มั้ง. นะ,neu
บรรยากาศ ไม่ตรงปก 💢..…,neg
ก็พอใช้ได้ แพ็กของ พอไดด้. มั้ง.. ครับ,neu
คุ้มค่ามาก คุณภาพพพ 😍. คคค่ะ!!!,pos
แย่ลง หน้าเว็บ สุดๆ นะ?! มาก,neg
ไม่โอเค พนักงาน..! ค่ะ,neg
เรื่อยๆ นะ.. นะ,neu
ไม่คุ้ม บริการหลังการขาย 💢 ครับ!!! มาก,neg
บรรยากาศใช้งานง่าย มาาากๆ.!! ค่ะ,pos
ธรรมดา.. ครับ.. มั้ง,neu
ผิดหวัง เครื่องดื่ม ผิดหวังมากกกก. ครรรับ!!! ค่ะ,neg
บริการดี 😍. ครับ! ค่ะ,pos
บริการดี 😊😊😊😊.. มัั้ง! จริงๆ,pos
คุณภาพ เรื่อยๆ.... ครับ,neu
พนักงาน ไม่ดี 🤦. นะ!!! มาก,neg
หน้าเว็บ คุ้มค่า ✨.. ครับ~ ค่ะ,pos
งงมาก คุณภาพ สุดๆ มั้ง!!! มาก,neg
เครื่องดื่ม ห่วยยยย 😡.!!! ค่ะ,neg
ไม่คุ้ม บรรยากาศ 💢 ครับ… สุดๆ,neg
งงมาก.!! สุดๆ,neg
ใช้ได้ 🙂 นะ. ครับ,neu
แอป ใช้งานไม่ได้ 😤 มั้ง!!!,neg
ธรรมดา... ค่ะ,neu
ไม่โอเค ราคา. ค่ะ!!! เลย,neg
ห่วย แย่มากๆ มั้ง?! ครับ,neg
ตามราคา 🙂.. นะ,neu
ตามราคา. นะ.. นะ,neu
บริการแย่ ที่สุด ครับ… ค่ะ,neg
ดีมาก สุดๆ ครับ ค่ะ,pos
ไม่แนะนำ รสชาติ สุดๆ ครัับ?! ครับ,neg
ส่งของใช้งานง่าย. นะ!!! ค่ะ,pos
คุ้มค่ามาก บริการหลังการขาย. ครับ!! นะ,pos
บริการดี 😊😊😊 มั้ง!! ค่ะ,pos
ก็พอใช้ได้. นะ.,neu
กลางๆ. มั้ง ค่ะ,neu
กลางๆ 🙂. มั้ง.. ค่ะ,neu
คุ้มค่ามาก ราคาาา 🤩.~ ครับ,pos
ความเร็วโอเค.. มั้ง,neu
ปานกลาง.. ค่ะ. มั้ง,neu
ผิดหวัง ส่งของ สุดๆ.. ค่ะ!!! ค่ะ,neg
พนักงาน ก็พอใช้ได้. มั้ง,neu
ผิดหวัง โคตรแย่. นะ!,neg
คุณภาพ เฉยๆ.. ค่่่ะ ค่ะ,neu
หน้าเว็บเรื่ออยๆ. ค่ะ. นะ,neu
บริการดี 🥰.. ครับ! จริงๆ,pos
ยอดเยี่ยม มากๆ.. มั้งง! ครับ,pos
เครื่องดื่ม รวดเร็ว 🥰🥰.. นนะ ครับ,pos
ตรงปก.. มั้ง!!! นะ,pos
หน้าเว็บงงมาก ที่สุดดด. ครับ?! มาก,neg
แพ็กของธรรมดา กลางๆ.. ครับ,neu
กลางๆๆๆๆ.. มั้ง.,neu
ปานกลาง. ครับ..,neu
น่าประทับใจ 😍😍😍,pos
ตามราคา รสชาติ พอได้ นนนะ นะ,neu
คุ้มค่่่่า ครรับ!! เลย,pos
พนักงานห่วย สุดๆ. ครับ!,neg
ราคาเรื่อยๆ ก็โอเเเเค. มั้ง,neu
บริการดี 🤩. นะ!! จริงๆ,pos
ไม่โอเค บริการหลังการขาย 😞😞😞😞 ค่ะ… สุดๆ,neg
บริการดี 🤩. ครับ! เลย,pos
แอป บริการแย่. ครับ?! มาก,neg
แย่ลง โคตรแย่. มั้้้้ง?! ค่ะ,neg
ตรงปก เกินคาดจริงๆ นะ!!! เลย,pos
ถูกใจ อาหาร 🥰. ค่ะ!! นะ,pos
คุ้มค่ามาก ส่งของ 🤩.. คคค่ะ! ค่ะ,pos
บริการดี ✨. มั้ง,pos
ไม่ตรงปก มั้ง!!!,neg
บริการดี แพ็กของ โคตรดี~ นะ,pos
พนักงานแพงเกินไป มากกกๆ. ค่่่ะ?! สุดๆ,neg
แพ็กของ ก็พอใช้ได้ นะ. มั้ง,neu
บริการหลังการขายเฉยๆ พอได้้ ครับ นะ,neu
ไม่คุ้ม ความเร็ว 😡. มั้ง?!,neg
หน้าเว็บ ก็พอใช้ได้. ครับ.. ครับ,neu
คุ้มค่า แพ็กของ มากๆ!! นะ,pos
ไม่ตรงปก แพ็กของ สุดๆ..…,neg
คุ้มค่ามาก ราคา 🤩 นนนะ!! จริงๆ,pos
บริการดี.. นะะะ ค่ะ,pos
โอเค ความเร็ว. นะ.. ค่ะ,neu
ชอบมาก 🥰🥰🥰🥰. มั้ง! เลย,pos
บริการแย่ มากๆ.. มั้้ง… มาก,neg
ตรงปก บรรยากาศ มากๆ.. มั้ง!!!,pos
บริการแย่ 🤦! ครับ,neg
รวดเร็ว ประทับใจมาก.. นะ~ ครับ,pos
คุณภาพโอเค ครับ.,neu
บรรยากาศ คุณภาพแย่ 💢… ครับ,neg
ตามราคา ส่งของ ก็โอเเเค. มั้ง,neu
บริการหลังการขาย เรื่อยๆๆ...,neu
อร่อยมาก ประทับใจมาาาาก.. มั้ง! เลย,pos
ช้ามาก แอป โคตรแย่่่.. นะ! สุดๆ,neg
กลางๆ ความเร็ว ก็โอเค นะ,neu
ถูกใจ อาหาร ✨~ จริงๆ,pos
ถูกใจ เครื่องดื่ม 😊.. ครรรับ!!! ค่ะ,pos
ไม่อร่อย 😡😡😡 มั้ง!!!,neg
เกินคาด.. มั้ง~,pos
ไม่ดี รสชาติ มั้ง!! สุดๆ,neg
ราคา เป็นมาตรฐาาาน.. ครับ,neu
บริการแย่ แย่มากๆๆๆๆ.. นนะ… ค่ะ,neg
บริการดี 👍..~,pos
รวดเร็ว 👍!!!,pos
ดีมาก ที่สุด ครับ~ ค่ะ,pos
ไม่ดี 💢.. ค่ะ! มาก,neg
ต้องลองอีกสักพพพพัก มั้ง. ค่ะ,neu
เรื่อยๆๆๆ.. มั้งงงง ค่ะ,neu
ช้ามาก สุดๆ. ครรรรับ! ครับ,neg
ไม่แนะนำ ที่สุด?! ค่ะ,neg
ต้องลองอีกสักพัก ครับ.. ค่ะ,neu
ใช้ได้...,neu
บรรยากาศชอบมาก คคคค่ะ! นะ,pos
เป็นมาตรฐาน แพ็กของ พอได้ นะ.. นะ,neu
ราคา ธรรมดา. นะ มั้ง,neu
เป็นมาตรฐาน พนักงาน กลางๆๆ.. ค่ะ,neu
แอปบริการแย่ สุดๆ มั้ง!! ครับ,neg
เครื่องดื่มรวดเร็ว เกินคาดจริงๆ. มั้ง~ เลย,pos
ใช้งานไม่ไดดดด้. นะ… ครับ,neg
ใช้งานไม่ได้ สุดๆ..!!! ค่ะ,neg
แนะนำเลย 😍.. ค่ะ!!! เลย,pos
ปานกลาง.... ค่ะ,neu
บริการดี. มั้ง,pos
เฉยๆ หน้าเว็บ พอได้ นะ. มั้ง,neu
ไม่คุ้ม อาหาร 😡😡😡.. ครัััับ?! ค่ะ,neg
ใช้ได้ หน้าเว็บ พอได้.. มั้้ง. ครับ,neu
ถูกใจ บรรยากาศ 🤩🤩🤩🤩.. ค่ะ~ นะ,pos
บริการหลังการขาย เรื่อยๆ.. มั้ง ค่ะ,neu
ถูกใจ แพ็กของ 💯. นะะะ!! นะ,pos
บริการรรรดี.!!! จริงๆ,pos
ไม่แนะนำ ความเร็ว มากๆ มั้ง!!! ครับ,neg
ไม่โอเค อาหาร 😤 ค่ะ… ครับ,neg
เครื่องดื่ม ก็พอใช้ได้้้้.. ค่ะ.. ค่ะ,neu
ถูกใจ บรรยากาศ 🥰.. นะ! ครับ,pos
บริการดี 🥰 ครับ!! จริงๆ,pos
ห่วย รสชาติ ที่สุด ค่ะะ!! มาก,neg
ยอดเยี่ยม อาหาร มาาาากๆ.. มั้งงง นะ,pos
งงมาก 😞 มั้งงง!!! ครับ,neg
เกินคาด ความเร็ว มากๆ.. ครับ นะ,pos
บริการแย่ 💢 คคคค่ะ! มาก,neg
ไม่โอเค แอป 🤦. ครับบ?! มาก,neg
แย่มาก สุดๆ.. ครรรรับ!! เลย,neg
ใช้ได้ บรรยากาศ พอได้.. มั้ง. ค่ะ,neu
ไม่คุ้ม ส่งของ 💢 นะ?! ค่ะ,neg
รสชาติ ใช้ได้. มั้ง.. ค่ะ,neu
ไม่คุ้ม รสชาติ 😞.?! เลย,neg
ไม่โอเค เครื่องดื่ม 🤦🤦🤦🤦.?! เลย,neg
กลางๆ 🙂.. ครับ. นะ,neu
บริการดี 🥰.. ครรับ ค่ะ,pos
กลางๆ.. มั้ง.. นะ,neu
แย่ลง บรรยากาศ โคตรแย่.. ครับ!!! มาก,neg
ไม่โอเค แอป 💢 มั้ง… ครับ,neg
รวดเร็ว มากๆ ค่ะะะ~ จริงๆ,pos
ใช้ได้..,neu
ใช้งานง่าย พนักงาน เกินคาดจริงๆ. นะ! นะ,pos
แย่ลง. นะ! สุดๆ,neg
ไม่โอเค บริการหลังการขาย 😡.. นะ! ค่ะ,neg
ปานกลาง.. ค่ะ.. มั้ง,neu
ผิดหวัง เครื่องดื่ม ที่สุด มั้ง!!,neg
กลางๆ 🙂.. ค่ะ ครับ,neu
คุ้มค่ามาก เครื่องดื่ม 🥰.. นะ~,pos
ยังไม่แน่ใจ นะ. มั้ง,neu
ต้องลองอีกสักพัก 😐.. ครับ มั้ง,neu
ใช้ได้ บรรยากาศ พอได้. ครับ. มั้ง,neu
ถูกใจ รสชาติ 😍 ค่ะ! ครับ,pos
ช้ามาก สุุุุดๆ ครับ!!! สุดๆ,neg
ต้องลองอีกสักพัก เครื่องดื่ม พอได้ ค่ะ นะ,neu
หน้าเว็บใช้งานไม่ได้ โคตรแย่. นะ… เลย,neg
ไม่ดี รสชาติ ที่สุด. ครับ!!! มาก,neg
บริการแย่ 😞 มั้งงงง… ครับ,neg
คุ้มค่ามาก ความเร็ว 🥰 มั้งงงง!!,pos
บรรยากาศอร่อยมาก. มั้ง!!,pos
ความเร็วใช้ได้. มั้ง ครับ,neu
ธรรมดา หน้าเว็บ พอได้. ค่ะ ครับ,neu
ถูกใจ ราคา นะ! จริงๆ,pos
บริการดี 🥰.. ค่ะ~ ค่ะ,pos
ปานกลาง.. ค่ะะ,neu
โอเค ราคา ก็โอเเเค. ค่ะ.. ค่ะ,neu
ชอบมาก บรรยากาศ มากๆ.. ค่ะ นะ,pos
ไม่แนะนำ ความเร็ว สุดดๆ. นะ! ครับ,neg
ราคา เฉยๆ... ค่ะ,neu
รสชาติปานกลาง กลางๆ.. มั้ง. ครับ,neu
เป็นมาตรฐาน 🙂,neu
แพ็กของคุณภาพแย่ ที่สุุุุด!!! ค่ะ,neg
ปานกลาง แอป ก็โอเค. ครัััับ.,neu
โอเค. ค่ะ นะ,neu
ไม่คุ้ม ราคา 💢. ค่่่ะ!,neg
ใช้งานไม่ได้ โคตรแย่. ครััับ?!,neg
ช้ามาก มัั้ง!!! สุดๆ,neg
ไม่คุ้ม หน้าเว็บ 😡. ค่ะ?! เลย,neg
ตรงปก เกินคาดจริงๆ. มั้งง!!!,pos
ถูกใจ รสชาติิ 😍 คคคค่ะ!!! ค่ะ,pos
อร่อยมาก ✨..~ นะ,pos
ไม่โอเค ราคา 🤦.. มั้ง… มาก,neg
บริการดี. มั้ง!!,pos
ราคา ยังไม่แน่่ใจ.. ค่ะ มั้ง,neu
เครื่องดื่ม ไม่อร่อยย 👎..! สุดๆ,neg
ก็พอใช้ได้ หน้าเว็บ กลางๆ.... นะ,neu
บริการดี ✨..!!! นะ,pos
ชอบมาก พนักงาน โคตรดี.. มั้ง!,pos
ตรงปก สุดดดๆ.. มัััั้ง!!,pos
ตามราคา.. ครับ,neu
บริการดี 👍. มั้ง~ จริงๆ,pos
คุณภาพดี รสชาติ ที่สุด.. นะ~ ครับ,pos
กลางๆ หน้าเว็บ กลางๆ. ครััับ.. ค่ะ,neu
ไม่คุ้ม แพ็กของ 👎👎👎 นะ…,neg
ไม่คุ้ม 🤦🤦🤦🤦.. ค่่่ะ!!! ค่ะ,neg
ใช้ไดด้... ค่ะ,neu
ผิดหวัง มากๆ. ครับบบ!!! มาก,neg
แอปคุ้มค่า เกินคาดจริงๆๆๆ.!! นะ,pos
อาหาร โอเคคคค นะ. ค่ะ,neu
ส่งของช้ามาก แย่มากๆ นะะะะ!! ค่ะ,neg
ถูกใจ ความเร็ว 💯.. มั้ง!! จริงๆ,pos
บริการดี 😊.. คคค่ะ!! ค่ะ,pos
รสชาติแพงเกินไป แย่มากๆ.. มั้ง!!! ค่ะ,neg
ไม่โอเค แพ็กของ 😞😞😞 ครับ…,neg
บริการดี ✨ ค่ะะะ~ จริงๆ,pos
แพงเกินไป..!! เลย,neg
แพ็กของแนะนำเลย ที่สุด.. ค่ะ!!! ครับ,pos
ไม่โอเค ราคา 😡. ครับ! เลย,neg
ถูกใจ คุณภาพ ✨ มั้ง,pos
โอเค 😐. มั้ง ค่ะ,neu
น่าประทับใจ 😍.~ เลย,pos
ก็พอใช้ได้.. นนนะ ครับ,neu
ปานกลาง 🙂🙂...,neu
คุ้มค่ามาก ราคา 😍😍😍😍.. นะ!!! นะ,pos
ยอดเยี่ยม 👍 ครัััับ~ เลย,pos
ไม่แนะนำ บริการหลังการขาย นะ! ครับ,neg
เฉยยยยๆ ค่ะ..,neu
อาหาร ยังไม่แน่ใจ นะ.. ค่ะ,neu
ความเร็วยังไม่แน่ใจ กลางๆ.. ครับ.. ครับ,neu
ชอบมาก ประทับใจมาก ครับ ค่ะ,pos
ตรงปก 😊 ค่ะะะ! จริงๆ,pos
บริการดี ✨..! จริงๆ,pos
ส่งของ กลางๆ. นะ ค่ะ,neu
แพ็กของ ไม่คุ้ม 💢!!! สุดๆ,neg
ราคา กลางๆ.. ค่ะ,neu
ยอดเยี่ยม เครื่องดื่ม สุดๆ. ค่ะ~,pos
อาหาร ก็พอใช้ได้... ครับ,neu
บริการหลังการขายผิดหวัง มากๆ.. ค่ะ!! สุดๆ,neg
ตามราคา ราคา กลางๆ. ครับ ค่ะ,neu
บริการหลังการขาย โอเคคคค.. ค่่่ะ. นะ,neu
ก็พอใช้ได้ บริการหลังการขาย. นะ,neu
โอเค ส่งของ.. มั้ง. ครับ,neu
บรรยากาศ ผิดหวัง 💢. มั้ง!!!,neg
ไม่โอเค ราคา 💢. มั้ง?! ครับ,neg
บริการดดดดี.. ค่ะ!! ครับ,pos
บริการดี 🤩.!!! ครับ,pos
ยังไม่แน่ใจจจจ นะ.. นะ,neu
อาหารต้องลองอีกสักพัก พอได้้้. มั้ง.. นะ,neu
ส่งของไม่ดี ค่ะ! เลย,neg
คุณภาพดี คุณภาพ ที่สสสุด~ จริงๆ,pos
ราคา ก็พอใช้ได้. ครับ. ค่ะ,neu
บริการหลังการขายเป็นมาตรฐาน. ค่ะ,neu
ช้ามาก คุณภาพ สุดๆ นะะะ…,neg
ต้องลองอีกสักพพัก. มั้ง,neu
ส่งของใช้งานไม่ได้ มากๆ ครับ… ค่ะ,neg
เครื่องดื่ม แพงเกินไป นะ!!! ครับ,neg
บริการดี 👍. นะ!! ครับ,pos
เรื่อยๆ 😐.. ครัับ มั้ง,neu
รสชาติ อร่อยมาก 🥰.!!! ค่ะ,pos
ถูกใจ แอป 😍 ค่ะะะะ!! จริงๆ,pos
แอป เรื่อยๆ. มั้ง,neu
ถูกใจ บรรยากาศ 😍.. นะ~ เลย,pos
ชอบมาก.. มั้ง,pos
แอปปานกลาง.,neu
สะอาด ที่สุดดดด ค่ะะ! ครับ,pos
แนะนำเลย 🤩🤩🤩..,pos
พนักงาน แนะนำเลย 🤩 ค่ะ ค่ะ,pos
ส่งของ ปานกลลลาง ครับ,neu
ห่วย ส่งของ ที่สุด!! ครับ,neg
น่าประทับใจ ✨ มั้ง!!! จริงๆ,pos
ประทับใจ ที่สุด. นนะ!!! ค่ะ,pos
ไม่คุ้ม 🤦.. ครับ?! ครับ,neg
ก็พอใช้ได้ เครื่องดื่ม ก็โอเคคค. นะ.. ครับ,neu
ไม่คุ้ม ผิดหวังมาก. นะ! เลย,neg
เฉยๆ 🙂🙂🙂🙂🙂🙂.,neu
อาหารไม่ดี มากๆ.. ค่ะ… มาก,neg
ก็พอใช้ได้ 😐. ค่ะ. นะ,neu
ชอบมาก พนักงานนน.. นนะ จริงๆ,pos
ความเร็ว สะอาด 😍😍😍.~ จริงๆ,pos
ความเร็วงงมาก สุดดๆ… ครับ,neg
คุณภาพ ดีมาก 🤩 ค่ะ!!,pos
ดีมาก สุดดดๆ.. ค่ะ!!! นะ,pos
ถูกใจ พนักงาน 💯. เลย,pos
ไม่คุ้ม แพ็กของ 😤. มั้ง… สุดๆ,neg
พนักงาน ใช้ได้ นะ. ครับ,neu
ใช้ได้. นะ.. มั้ง,neu
หน้าเว็บปานกลาง พอได้. ครรรรับ.. นะ,neu
บริการดี 💯.. ครับ~ นะ,pos
รสชาติ โออเค. ครับ,neu
ก็พอใช้ได้ ราาาาคา ค่ะ.. ค่ะ,neu
ถูกใจ ส่งของ ✨..! จริงๆ,pos
บริการหลังการขาย งงมาก 😤. ค่ะ!!! ค่ะ,neg
อร่อยมาก 😍 นะ~ ครับ,pos
ก็พอใช้ได้ พนักงาน พอได้ ครับ. นะ,neu
เฉยๆ 😐. คค่ะ.,neu
คุ้มค่า 🥰🥰🥰! ครับ,pos
ไม่คุ้้้้ม ค่ะ?!,neg
ไม่คุ้ม เครื่องดื่ม 🤦 ครรับ!! สุดๆ,neg
บริการดี 👍.. จริงๆ,pos
ราคาดีมาก เกินคาดจริงๆ. ครรรรับ!!! ค่ะ,pos
คุณภาพเฉยๆ กลางๆ. มั้ง.. ค่ะ,neu
อาหาร สะอาาาด. ค่ะะ!!! เลย,pos
หน้าเว็บงงมาก ผิดหวังมาก.. ค่ะ!!! ค่ะ,neg
ธรรมดา แอป. ครับ.. ค่ะ,neu
คุณภาพแย่ โคตรแย่.. มั้ง?! มาก,neg
หน้าเว็บไม่อร่อย แย่มากๆ. ครัััับ?! ค่ะ,neg
บรรยากาศโอเค ทั่วไป ครับ. ครับ,neu
คุณภาพแย่ คุณภาพ สุดๆ.. ค่ะ?! สุดๆ,neg
ความเร็ว ต้องลองอีกสักพัก มั้ง ค่ะ,neu
ราคา เป็นมาตรฐาน ค่ะ. มั้ง,neu
เครื่องดื่มแพงเกินไป มากๆ ครับ!!,neg
หน้าเว็บแพงเกินไป โคตรแย่. ครับบบ!! ครับ,neg
รสชาติคุ้มค่า มากๆ นะ~ จริงๆ,pos
น่าประทับใจ 🥰.. มั้ง จริงๆ,pos
บริการดี 😊.. มั้ง!! นะ,pos
ราคาไม่คุ้ม ผิดหวังมาก. นะ! สุดๆ,neg
ห่วย อาหาร โคตรแย่ นะ… สุดๆ,neg
เครื่องดื่มคุณภาพแย่ สุดๆ. ค่ะ!! ค่ะ,neg
ธรรมดา หน้าเว็บ พอได้. ครับ,neu
ไม่ดี นะ! ครับ,neg
โอเค. ค่่่ะ.. ค่ะ,neu
ดีมาก 🤩. ครับ,pos
ธรรมดา ส่งของ พอได้...,neu
ธรรมดา 🙂.. นะ. ค่ะ,neu
แย่มาก พนักงาน สุดๆ.. มั้ง! ครับ,neg
บริการดี 💯 นะ! เลย,pos
หน้าเว็บ เป็นมาตรฐาน.. ครับ ครับ,neu
ผิดหวัง 😤. ครับ!!! เลย,neg
ส่งของโอเค กลาางๆ..,neu
ไม่โอเค บรรยากาศ 🤦 คคคค่ะ!!,neg
รสชาติ เรื่อยๆ.. ค่ะะ.. นะ,neu
แพ็กของ แพงเกินไป ครับ!! เลย,neg
ราคา ก็พอใช้ได้.. ครับ. ครับ,neu
ไม่มีความเห็น.. มั้ง..,neu
ยอดเยี่ยม อาหาร. มัััั้ง~,pos
ความเร็วคุ้มค่า สุดๆ~ นะ,pos
แอป ประทับใจ 😍. ค่ะ จริงๆ,pos
ใช้งานง่าย ความเร็ว โคตรดี.. ครัััับ จริงๆ,pos
อาหาร ไม่ดี 💢. นะ! มาก,neg
ไม่คุ้ม บรรยากาศ..!!! มาก,neg
สะอาด เกินคาดจริงๆ..!!!,pos
เครื่องดื่ม คุ้มค่า 😍 มั้ง!!! นะ,pos
คุณภาพแย่ แพ็กของ โคตรแย่. คคคค่ะ!! ครับ,neg
ไม่โอเค รสชาตติ. ครับ!!! ครับ,neg
บรรยากาศยังไม่แน่ใจ ทั่วไป. ครับ นะ,neu
ถูกใจ อาหาร 🥰.. มั้ง ครับ,pos
ยอดเยี่ยม บรรยากาศ มากๆ มั้ง! ค่ะ,pos
เฉยๆ 🙂.,neu
รสชาติ ประทับใจ 😊.!!! เลย,pos
ผิดหวัง หน้าเว็บ ที่สุด ค่ะ… มาก,neg
ไม่โอเค ส่งของ 🤦 มัั้ง!,neg
ใช้ได้ 😐.. ค่ะะะ,neu
ไม่โอเค รสชาติ 😤.. ครับ… ครับ,neg
ความเร็ว เรื่อยๆ.. ครับ,neu
คุ้มค่ามาก อาหาร 🥰. มั้ง ครับ,pos
อร่อยมาก แพ็กของ เกินคาดจริงๆ ค่ะ~ นะ,pos
บริการหลังการขายเรื่อยๆ ทั่วไป. นะ..,neu
บริการดี 🥰.. มั้ง! เลย,pos
ไม่คุ้ม แย่มากๆ. มั้ง?! ค่ะ,neg
ตรงปก แพ็กของ โคตรดี. ค่ะะ!!,pos
คุ้มค่ามาก ส่งของ 😍😍.. ค่ะะะะ ค่ะ,pos
พนักงาน ตามราคา.. ค่ะ. นะ,neu
คุณภาพ คุณภาพดดดี~ ครับ,pos
คุ้มค่ามาก แอป..! ค่ะ,pos
ยังไม่แน่ใจ...,neu
รสชาติโอเค ก็โอเค,neu
ส่งของงงมาก สุดๆ. มั้งง! สุดๆ,neg
เครื่องดื่ม แย่มาก 👎 มั้ง!! มาก,neg
ไม่คุ้ม รสชาติ 💢 คคค่ะ!! มาก,neg
เครื่องดื่มไม่คุ้ม แย่มากๆ ครับ!! มาก,neg
ยังไม่แน่ใจ ส่งของ กลางๆๆ ครับ มั้ง,neu
ไม่โอเค บริการหลังการขาย 😡.. ค่ะ!!! ค่ะ,neg
ความเร็ว ตรงปก 🥰.. ค่ะ!! จริงๆ,pos
บริการหลังการขาย ห่วย มั้ง! เลย,neg
กลางๆ 🙂.. นะ,neu
บรรยากาศ คุณภาพแย่ 💢. ครับ! เลย,neg
หน้าเว็บ ใช้งานง่าย 👍. นะ!!!,pos
รวดเร็ว ✨.. ครับ,pos
บริการดี ✨ นะ~ เลย,pos
ไม่คุ้ม คุณภาพ 😤. ค่ะ… ครับ,neg
หน้าเว็บ ต้องลองอีกสักพัก. มั้ง.. นะ,neu
รสชาติ แย่มาก 😤 มั้ง!,neg
ส่งของตรงปก มากๆๆ ครับ! ครับ,pos
ถูกใจ บริการหลังการขาย 😊 ครับ!!! ครับ,pos
พนักงานน่าประทับใจ มากกกๆ..~ ครับ,pos
ยังไม่แน่ใจ. ค่ะ. ครับ,neu
ต้องลองอีกสักพัก.. มั้้้้ง.. มั้ง,neu
บริการแย่ 🤦!!,neg
บริการดี 😍.!!! นะ,pos
คุณภาพ ยังไม่แน่ใจ. มัั้ง.. ค่ะ,neu
ไม่คุ้ม แพ็กของ 😡😡😡. นะ! สุดๆ,neg
แพงเกินไปปปป 🤦 ครับ… สุดๆ,neg
เป็นมาตรฐาน. ครับ,neu
แพ็กของแนะนำเลย โคตรรรรดี เลย,pos
ช้ามาก คุณภาพ โคตรแย่.. มั้้้ง?! สุดๆ,neg
ไม่โอเค แอป 😤. ค่ะ?! มาก,neg
คุ้มค่ามาก พนักงาน 😍..! ค่ะ,pos
ความเร็ว ไม่คุ้ม 🤦🤦. นะ!!,neg
แย่มาก มากๆ.. นะ!!! ค่ะ,neg
ไม่ดี 💢. มั้้้ง!,neg
อาหาร ตามราาาคา,neu
บริการแย่่ 💢. มั้ง… ค่ะ,neg
แย่ลงง 😤?! เลย,neg
แพ็กของไม่คุ้ม แย่มากๆ มั้งงง!!! สุดๆ,neg
ไม่โอเค บรรยากาศ 😡.. ค่ะ!,neg
ไม่แนะนำ ผิดหวังมากก.. นะ… มาก,neg
ไม่มีความเห็น อาหาร. มั้ง..,neu
คุ้มค่า 👍!! นะ,pos
ปานกลาง 😐 ครับบบ.. ค่ะ,neu
ความเร็วไม่อร่อย ผิดหวังมาก มัั้ง… เลย,neg
บริการดี 😍.. ค่ะ!,pos
ไม่ดี มากๆ ค่ะ!,neg
ส่งของต้องลองอีกสักพัก ทั่วไป.,neu
ไม่คุ้ม ราคา 😡.. ครับ?!,neg
ผิดหวัง ความเร็ว โคตรแย่ ครับ!!! มาก,neg
ราคา ไม่คุ้ม 😞.. นะ!!! มาก,neg
ไม่คุ้ม รสชาติ 💢 มั้ง?! เลย,neg
ไม่คุ้ม แพ็กของ 🤦 มั้ง… มาก,neg
รวดเร็ว ประทับใจมาก นะ~ นะ,pos
หน้าเว็บห่วย โคตรแย่.. ครรรับ!! เลย,neg
รสชาติแย่มมมาก?! สุดๆ,neg
ไม่มีความเห็น แพ็กของ กลางๆๆๆๆ. มั้ง.. นะ,neu
บริการดี 👍.. ครับ!!,pos
ถูกใจ ราคา 🥰.. มั้ง!! ค่ะ,pos
ไม่โอเค เครื่องดื่ม 🤦. ครับ!! เลย,neg
ไม่อร่อย 👎. ค่ะ?! ครับ,neg
น่าประทับใจ บรรยากาศ ที่สุด. ค่ะ,pos
ก็พอใช้ได้ ครับ.. นะ,neu
ก็พอใช้ได้ 😐. มั้ง นะ,neu
บรรยากาศ ตามราคาาาา. ค่ะ,neu
เครื่องดื่ม เรื่อยๆ.. มั้ง,neu
แย่มาก ครัับ!!!,neg
แพ็กของงงมาก สุดๆ.. ค่ะ! มาก,neg
ต้องลองอีกสักพัก หน้าเว็บ กลางๆ.. ครับ,neu
พนักงาน เกินคาด 😍 ครับ~ เลย,pos
บริการดี 😊.. ครัับ!!! ค่ะ,pos
พนักงาน อร่อยมาก 😊.. มั้้้้ง~ ครับ,pos
บริการหลังการขายต้องลองอีกสักพัััก นะ ครับ,neu
แพ็กของ ไม่แนะนำ 💢 นะ!!! มาก,neg
สะอาด ประทับใจมากกก ค่ะ!!! ครับ,pos
แย่มาก ส่งของ มากๆ.. ครับ! สุดๆ,neg
ส่งของ ต้องลองอีกสักพัก....,neu
ไม่คุ้ม บริการหลังการขาย 👎👎👎👎.. นะ! เลย,neg
เกินคาด ✨ ครััับ~ นะ,pos
รวดเร็ว โคตรดี นะ~ นะ,pos
คุ้มค่ามาก บริการหลังการขาย..!!! ครับ,pos
คุ้มค่ามาก เครื่องดื่ม 🥰. นะ ครับ,pos
ก็พอใช้ได้้้ 🙂.. ค่ะ,neu
โอเคคค ครับ. มั้ง,neu
ชอบมาก โคตรดี มั้้ง จริงๆ,pos
ยอดเยี่ยม มากกกๆ. มั้้ง!!! เลย,pos
ไม่โอเค บริการหลังการขาย.. มั้ง!! เลย,neg
ไม่ตรงปก 🤦.… มาก,neg
ไม่โอเค แอป 😡. คคค่ะ! เลย,neg
ก็พอใช้ได้ 😐 ครรรรับ.. ครับ,neu
แอป กลางๆๆๆๆ นะ ครับ,neu
บริการหลังการขายไม่อร่อย แย่มากๆ ครับ!!!,neg
ไม่คุ้ม หน้าเว็บ 😞. ครัับ!!! มาก,neg
ไม่คุ้ม ราคา.. ครับ!!! ครับ,neg
บริการดี 👍. นะ!,pos
ความเร็วกลางๆ ทั่วไป.. นะ นะ,neu
ดีมาก 🥰 มั้ง!!! ค่ะ,pos
ไม่คุ้ม บริการหลังการขายยยย 😤.. มั้ง!! เลย,neg
โอเค 🙂.. คคคค่ะ. ค่ะ,neu
เกินคาดดดด 😊.. นะ เลย,pos
แย่มาก 😞 มั้ง! สุดๆ,neg
ราคา ยังไม่แน่ใจ ครับ. มั้ง,neu
แย่มาก โคตรแย่. ค่ะ… ค่ะ,neg
ไม่คุ้ม แอป 😞. มั้ง?! สุดๆ,neg
ต้องลองอีกสักพัก ครับ..,neu
กลางๆ ค่ะ. ค่ะ,neu
ไม่อร่อย สุดๆ… มาก,neg
ไม่คุ้ม โคตรแย่.!! ค่ะ,neg
บรรยากาศต้องลองอีกสักพัก กลางๆ. มั้ง.. ครับ,neu
ยังไม่แน่ใจ.. ค่ะ. ค่ะ,neu
ไม่โอเค ความเร็ว 👎.. นะ?! ค่ะ,neg
ไม่ดี ผิดหวังมาก.. ค่ะ… เลย,neg
เครื่องดื่มยังไม่แน่ใจจ.. นะ มั้ง,neu
แอปห่วย สุดดๆ.. นะ!!! ครับ,neg
เป็นมาตรฐาน รสชาติ พอได้้้้ นะ. มั้ง,neu
ไม่โอเค พนักงาน 😤 มั้ง!!,neg
คุณภาพดี 👍.. ค่ะ ค่ะ,pos
รสชาติตรงปก มากๆ. นะ~ ครับ,pos
เครื่องดื่ม บริการแย่่ 😤.… ค่ะ,neg
บริการหลังการขาย ไม่ตรงปก 😡. มั้ง!! สุดๆ,neg
เครื่องดื่ม รวดเร็ว 😊.. มั้้้้ง~ เลย,pos
ต้องลองอีกสักพพพพัก. นะ,neu
ไม่แนะนำ แออป?! ครับ,neg
ความเร็วคุณภาพแย่.. นะะะะ!! ค่ะ,neg
คุณภาพแย่. มั้ง! มาก,neg
ราคา ธรรมดา ครััับ. มั้ง,neu
ต้องลองอีกสักพัก.. ครับ.. ค่ะ,neu
ถูกใจ บริการหลังการขาย 🥰.!!!,pos
ไม่มีความเห็น อาหาร ก็โอเคค. ครับ นะ,neu
บริการดีีีี 👍.. ค่ะ นะ,pos
แพ็กของโอเค. ครับ,neu
ช้ามมาก มั้ง!!! เลย,neg
รวดเร็ว ✨.. ครับ จริงๆ,pos
ไม่คุ้ม ส่งของ 😞..… เลย,neg
แพ็กของ ใช้งานง่าย 😍.. ครััับ! นะ,pos
คุ้มค่ามาก บริการหลังการขายยยย 👍.. ครับบ ครับ,pos
ไม่ดี อาหาร โคตรแย่.. มั้ง!,neg
แอป ใช้ได้. มั้ง..,neu
ประทับใจ ความเร็ว เกินคาดจริงๆ มั้ง!! ค่ะ,pos
คุ้มค่ามาก แพ็กของ!!! เลย,pos
หน้าเว็บ ใช้งานไม่ได้ มั้ง!! มาก,neg
บริการดี 👍.. ค่ะ! นะ,pos
งงมาก สุดๆ..… ครับ,neg
ถูกใจ อาหาร ✨.. นะ!! จริงๆ,pos
ไม่อร่อย 💢 ค่ะ… ครับ,neg
บริการดี 💯 มััั้ง นะ,pos
ไม่มีความเห็น แพ็กของ.. คค่ะ. นะ,neu
ส่งของ อร่อยมาก 😊.. นะ!!!,pos
เครื่องดื่มเกินคาด โคตรดี.. นะ ครับ,pos
กลางๆ มั้ง.. ครับ,neu
ห่วย เครื่องดื่มม.. ค่่่ะ… เลย,neg
ไม่คุ้ม เครื่องดื่ม 👎. มั้ง…,neg
เป็นมาตรฐาน. นะ. ค่ะ,neu
พนักงานเรื่อยๆ พอได้้.. ค่ะ ค่ะ,neu
ไม่ดี. ค่ะ?! สุดๆ,neg
ดีมาก ประทับใจมมมมาก! ครับ,pos
แอป ยังไม่แน่ใจ.... มั้ง,neu
กลางๆ ครับ..,neu
แย่ลง อาหาร. ค่ะ! สุดๆ,neg
ต้องลองอีกสักพัก.. ครับ,neu
แอป เป็นมาตรฐาน.. ค่่ะ.. ครับ,neu
ไม่คุ้ม ความเร็ว 💢💢💢 มั้งงงง!!! ค่ะ,neg
ใช้งานไม่ได้ 👎👎👎. มั้ง!! สุดๆ,neg
อาหารต้องลองอีกสักพัก ทั่วไป. นะ ครับ,neu
รสชาติกลางๆ ทั่วไป ค่ะ,neu
พนักงาน คุณภาพแย่ 😡 ค่ะ… ครับ,neg
คุณภาพเป็นมาตรฐาน พอได้ มั้ง ค่ะ,neu
ยังไม่แน่ใจ 😐 นะ.. นะ,neu
อาหารใช้ได้ พอไดดดด้. ค่ะะะ. นะ,neu
ตามราคา 😐 ค่ะ.. ค่ะ,neu
ไม่ดี อาหาาาาร.. มัั้ง!!! สุดๆ,neg
บริการหลังการขาย ไม่มีความเห็น. มั้ง.. นะ,neu
ไม่มีความเห็น 😐.. ค่ะ. ค่ะ,neu
ไม่คุ้ม แอป 😞.. คคคค่ะ?! มาก,neg
คุณภาพตามราคา ทั่วไปป.. ค่ะ..,neu
น่าประทับใจ พนักงาน เกินคาดจริงๆ. นะ!!! จริงๆ,pos
ไม่ตรงปก 💢.. นะ! สุดๆ,neg
ใช้ได้... นะ,neu
อาหารใช้ได้ ก็โอเค ครับบ.. ค่ะ,neu
บริการแย่ 😤 นะ… ค่ะ,neg
คุณภาพแย่ 😤..!!,neg
แพงเกินไป ราาาคา นะ?!,neg
ถูกใจ คุณภาพ 😍. ครับ ครับ,pos
คุ้มค่ามาก ราคา 👍. นะ~ จริงๆ,pos
ก็พอใช้ได้.. ครับ.. ครับ,neu
ไม่โอเค คุณภาพ 💢..! ครับ,neg
อาหาร ดีมาก 🥰. ค่ะ!!,pos
เฉยๆ มั้ง นะ,neu
เครื่องดื่มไม่อร่อย มากๆ.. มั้ง!,neg
ความเร็วช้ามาก แย่มากๆ ครับ… มาก,neg
ใช้ได้ บริการหลังการขาย กลางๆๆ..,neu
อาหาร ไม่มีความเห็น ครับ ครับ,neu
ไม่คุ้ม ผิดหวังมาก.. นะ!! เลย,neg
แพ็กของเรื่อยๆ พอไดด้ นะ.. นะ,neu
ไม่มีความเห็นน.. นะ,neu
คุณภาพ เกินคาด ✨.. ค่ะ เลย,pos
บริการแย่ เครื่องดื่ม มากๆ ครัับ… เลย,neg
คุณภาพใช้ได้ ค่ะ. ครับ,neu
โอเค 🙂... มั้ง,neu
ส่งของ ช้ามาก 😞.. มั้ง! เลย,neg
ใช้งานไม่ได้ สุดดๆ.. นะะ! มาก,neg
แพงเกินไป 😞. มั้ง… ค่ะ,neg
ราคา ต้องลองอีกสักพักกกก.. ครับ.. ค่ะ,neu
ชอบมมมาก มั้ง! ครับ,pos
ถูกใจ บรรยากาศ 🥰 จริงๆ,pos
ใช้งานไม่ได้ แอป โคตรแย่ ค่ะ!!! ค่ะ,neg
บริการดี 🥰..! นะ,pos
ไม่แนะนำ ครรรรับ?!,neg
ดีมาก 🥰🥰🥰🥰. คคคค่ะ! ค่ะ,pos
คุ้มค่ามาก ความเร็ว ✨.. นะะะะ! นะ,pos
ยอดเยี่ยม สุดๆ. นะ เลย,pos
ใช้ได้ อาหาร กลางๆ.. มั้ง. ค่ะ,neu
คุ้มค่ามาก รสชาติ 🥰.. ค่ะะะะ!! จริงๆ,pos
พนักงาน ธรรมดา.. ค่ะ.. ค่ะ,neu
ไม่โอเค อาหาร 👎… เลย,neg
ส่งของต้องลองอีกสักพัก กลางงงงๆ.. ครับ. ค่ะ,neu
เครื่องดื่ม ต้องลองอีกสักพัก.. ครับบบ. มั้ง,neu
ถูกใจ บริการหลังการขายย!! จริงๆ,pos
ชอบมาก.. ค่ะ~ นะ,pos
ไม่โอเค ส่งของ 💢.. ครัับ!! ครับ,neg
ยังไม่แน่ใจ อาหาร..,neu
บริการดี เกินคาดจริงๆ.. นะะ~ นะ,pos
ถูกใจ คุณภาพ 😊.. นะ,pos
กลางๆๆๆ. ค่ะ..,neu
รสชาติ เกินคาด 🤩 นนนะ,pos
พนักงานปานกลาง พอได้.. นะ. ค่ะ,neu
อาหารไม่คุ้ม มาาาากๆ. มั้ง?! ค่ะ,neg
บริการแย่ โคตรแย่. นะ! มาก,neg
พนักงานบริการดี ประทับใจมาก.. นะ!!! ครับ,pos
คุณภาพก็พอใช้ได้้้้...,neu
บริการดี 🤩.. ค่ะ,pos
คุณภาพแย่่่ 😞.. ครับ?! ครับ,neg
ยังไม่แน่ใจ ความเร็ว ก็โอเค คคคค่ะ. ค่ะ,neu
ไม่โอเค แอป 😞?! สุดๆ,neg
เกินคาด โคตรดี ครับ~ เลย,pos
ไม่อร่อย 🤦. ครับ!! ครับ,neg
แอป ใช้งานง่าย 🥰🥰🥰. นะ!!! จริงๆ,pos
ถูกใจ ความเร็ว 👍!!! เลย,pos
ใช้ได้ ครับ.. มั้ง,neu
ปานกลาง คุณภาพ กลางๆ.. ครับ มั้ง,neu
แอป ต้องลองอีกสักพัก.. ค่ะ,neu
ไม่คุ้ม ความเร็ว 👎.. ค่ะ!!!,neg
ส่งของ ยังไม่แน่ใจ. มั้งงง. มั้ง,neu
ไม่โอเค รสชาติ 😡.. ค่ะ!!! ครับ,neg
ไม่คุ้ม พนักงาน 😤.. มั้ง?! มาก,neg
ไม่โอเค แอป 🤦 ค่ะ… ค่ะ,neg
บริการดี 🤩. นะ! ค่ะ,pos
บริการดี 🤩.. ค่ะ นะ,pos
แพ็กของโอเค ทั่วไป ครับ..,neu
คุณภาพ ปานกลาง.. มั้งง. นะ,neu
ห่วย ราคา สุดๆ ค่ะ?! เลย,neg
ใช้งานง่าย คุณภาพ โคตรดีีี ครับ จริงๆ,pos
ไม่คุ้ม บรรยากาศ ค่ะ!,neg
ปานกลาง คุณภาพ ทั่วไปปป มั้ง.. มั้ง,neu
ไม่มีความเห็น 😐.. ค่ะ.. มั้ง,neu
บริการดี 👍.. นะ ครับ,pos
ถูกใจ อาหาร 🤩. ค่ะะ จริงๆ,pos
รสชาติอร่อยมาก ที่สุด. นะ~ ค่ะ,pos
ใช้ได้ 🙂.... ครับ,neu
หน้าเว็บ น่าประทับใจ มั้งงงง~ ครับ,pos
พนักงาน เกินคคคาด มั้ง!! จริงๆ,pos
งงมาก คุณภาพ สุดๆ. นะ… สุดๆ,neg
แพ็กของ คุ้มค่า มั้ง~ ครับ,pos
เฉยๆ 🙂. ครับ นะ,neu
แอปห่วย แย่มากๆ.. มั้ง?! มาก,neg
บริการแย่ ค่ะ!!! เลย,neg
ธรรมมมดา.. ครรับ. มั้ง,neu
ใช้งานไม่ได้ เครื่องดื่ม ผิดหวังมาก. ค่ะ!!! มาก,neg
บริการหลังการขาย เฉยๆ. ครับ.. ครับ,neu
ราคาบริการแย่ สุดๆ.!!,neg
ดีมาก ที่สุด มั้ง~ นะ,pos
คุณภาพแย่ 💢. ครับ?! ค่ะ,neg
ความเร็วตามราคา ก็โอเค.. ครับ.. นะ,neu
ปานกลาง 😐 มั้ง นะ,neu
ไม่โอเค เครื่องดื่ม 💢. นะะะ!!! มาก,neg
ตามราคา ครับ. มั้ง,neu
แพ็กของไม่คุ้ม มากๆ.. ค่ะ! เลย,neg
รสชาติตามราคา กลางๆ.. มั้ง มั้ง,neu
ตรงปก หน้าเว็บ สุดๆ.. นะ~ ค่ะ,pos
ดีมาก ราคา ประทับใจมาก ค่ะ!!! ค่ะ,pos
ยังไม่แน่ใจ แอป พอได้. ค่ะ,neu
บริการหลังการขาย ชอบมาก 💯 จริงๆ,pos
ห่วย โคตรแย่ มัั้ง! มาก,neg
เครื่องดื่มชอบมาก สุดๆ..!! จริงๆ,pos
ไม่แนะนำ แแแอป!! ครับ,neg
ยอดเยี่ยม เกินคาดจริงๆ.. นะ! ครับ,pos
ตามราคา 🙂. ค่ะ. นะ,neu
พนักงาน คุ้มค่า 🤩 ครับ,pos
บริการหลังการขายแย่ลง สุดๆ คคคค่ะ… ค่ะ,neg
ไม่คุ้ม อาหาร.. นะ! สุดๆ,neg
คุ้มค่ามาก บรรยากาศ.. ค่ะ! นะ,pos
คุณภาพดี 😍. มั้ง!! ครับ,pos
ใช้ได้. มั้ง. นะ,neu
ราคาเกินคาดดดดดด.!!! ครับ,pos
อาหาร งงมาก 😡 ค่ะ! ค่ะ,neg
แย่ลง สุดๆ.. ครับ!,neg
บรรยากาศไม่ตรงปก แย่มากๆ. นะ! ค่ะ,neg
อาหารผิดหวัง โคตรแย่. นะ… ค่ะ,neg
คุณภาพ ไม่ตรงปก ค่ะ! ครับ,neg
ร้านนี้บริการดีมาก ชอบมาก,pos
อาหารอร่อย คุณภาพดี,pos
พนักงานพูดจาดีมาก,pos
คุ้มค่ากับราคาที่จ่าย,pos
บริการรวดเร็วทันใจ,pos
รอนานเกินไป ไม่ประทับใจ,neg
ราคาสูงเกินไป ไม่โอเค,neg
พนักงานพูดจาไม่ดีเลย,neg
อาหารไม่สดเลย,neg
ผิดหวังกับบริการ,neg
ราคาปานกลาง คุณภาพโอเค,neu
ร้านเปิดปกติทุกวัน,neu
อาหารรสชาติปกติ,neu
บรรยากาศธรรมดา ๆ,neu
พนักงานเฉย ๆ,neu
